1, - ,false,1,1,2024/05/30 01:15,2024/05/30 01:15,1,82
2, - ,false,1,2,2024/05/30 01:15,2024/05/30 01:15,1,15
3, - ,false,1,3,2024/05/30 01:15,2024/05/30 01:15,1,71
4, - ,false,1,4,2024/05/30 01:15,2024/05/30 01:15,1,69
5, - ,false,1,5,2024/05/30 01:15,2024/05/30 01:15,1,57
6, - ,false,1,6,2024/05/30 01:15,2024/05/30 01:15,1,23
7, - ,false,1,7,2024/05/30 01:15,2024/05/30 01:15,1,38
8, - ,false,1,8,2024/05/30 01:15,2024/05/30 01:15,1,6
9, - ,false,1,9,2024/05/30 01:15,2024/05/30 01:15,1,56
10, - ,false,1,10,2024/05/30 01:15,2024/05/30 01:15,1,48
